{
	"format_version": "1.8.0",
	"animations": {
		"animation.wave.byshut12": {
      "loop": true,
      "bones": {
        "head": {
          "position": {
            "0": [ 0, 0, 0 ],
            "2.733333": [ 0, 0, 0 ],
            "2.9": [ 0.089446, 0.03364372, 0.2653734 ],
            "2.966667": [ 0.089446, 0.03364372, 0.2653734 ],
            "3.133333": [ 0, 0, 0 ],
            "3.433333": [ 0, 0, 0 ]
          },
          "rotation": {
            "0": [ 0, 0, 0 ],
            "0.3": [ -10.83577, 0, 0 ],
            "0.5333334": [ 19.0831, 0, 0 ],
            "0.7": [ -13.05664, 0, 0 ],
            "0.7666667": [ -13.05664, 0, 0 ],
            "1": [ 19.0831, 0, 0 ],
            "1.166667": [ -13.05664, 0, 0 ],
            "1.233333": [ -13.05664, 0, 0 ],
            "1.4": [ 19.0831, 0, 0 ],
            "1.7": [ 19.0831, 0, 0 ],
            "2.033333": [ -10.836, 0, 0 ],
            "2.266667": [ 19.083, 0, 0 ],
            "2.433333": [ -13.057, 0, 0 ],
            "2.5": [ -13.057, 0, 0 ],
            "2.733333": [ 19.083, 0, 0 ],
            "2.9": [ -14.77579, 0, 0 ],
            "2.966667": [ -14.77579, 0, 0 ],
            "3.133333": [ 19.083, 0, 0 ],
            "3.433333": [ 19.083, 0, 0 ]
          }
        },
        "leftArm": {
          "position": {
            "0": [ 0, 0, 0 ],
            "0.1666667": [ 0, 0, 0 ],
            "1.7": [ 0, 0, 0 ],
            "2.033333": [ 0.352, 1.408, -1.776 ],
            "2.266667": [ 0, 0, 0 ]
          },
          "rotation": {
            "0": [ 0, 0, 0 ],
            "0.1666667": [ 8.095357, -4.969617E-17, -5.593801 ],
            "1.7": [ 8.095357, 0, -5.593801 ],
            "2.033333": [ -181.741, 6.235, 6.533 ],
            "2.266667": [ -69.896, -6.235, -6.533 ],
            "2.433333": [ -174.439, 6.235, 6.533 ],
            "2.733333": [ -69.896, -6.235, -6.533 ],
            "2.9": [ -174.439, 6.235, 6.533 ],
            "3.133333": [ -69.896, -6.235, -6.533 ],
            "3.433333": [ -69.896, -6.235, -6.533 ]
          }
        },
        "rightArm": {
          "position": {
            "0": [ 0, 0, 0 ],
            "0.3": [ -0.3577939, 1.414271, -1.780701 ],
            "0.5333334": [ 0, 0, 0 ],
            "3.433333": [ 0, 0, 0 ]
          },
          "rotation": {
            "0": [ 0, 0, 0 ],
            "0.3": [ -181.7406, 6.235203, -6.533322 ],
            "0.5333334": [ -69.89575, 6.235203, -6.533322 ],
            "0.7": [ -174.4395, 6.235203, -6.533322 ],
            "1": [ -69.89575, 6.235203, -6.533322 ],
            "1.166667": [ -174.4395, 6.235203, -6.533322 ],
            "1.4": [ -69.89575, 6.235203, -6.533322 ],
            "1.7": [ -69.89575, 6.235203, -6.533322 ],
            "2.033333": [ 8.095, 0, 5.594 ],
            "3.433333": [ 0.06955703, 0, 8.992064 ]
          }
        },
        "waist": {
          "position": {
            "0": [ 0, 0, 0 ],
            "0.3": [ 7.17394E-16, -0.04016218, 0.4702738 ],
            "0.5333334": [ 0.08957156, -1.541475, 0.4702738 ],
            "0.7": [ 7.17394E-16, -0.04016218, 0.4702738 ],
            "1": [ 0.1024584, -1.757473, 0.4702738 ],
            "1.166667": [ 7.17394E-16, -0.04016218, 0.4702738 ],
            "1.433333": [ 0.01572209, -0.8503863, 0.5245576 ],
            "1.6": [ 7.17394E-16, -0.04016218, 0.4702738 ],
            "1.7": [ 0, -0.04016218, 0.4702738 ],
            "2.033333": [ 0, -0.048, 0.464 ],
            "2.266667": [ 0.096, -1.536, 0.464 ],
            "2.433333": [ 0, -0.048, 0.464 ],
            "2.733333": [ 0.096, -1.76, 0.464 ],
            "2.9": [ 0, -0.048, 0.464 ],
            "3.133333": [ -0.07748238, -1.69194, -0.03709741 ],
            "3.3": [ 0, -0.048, 0.464 ],
            "3.433333": [ 0, -0.048, 0.464 ]
          },
          "rotation": {
            "0": [ 0, 0, 0 ],
            "0.3": [ 38, -0.556848, -6.534703 ],
            "0.5333334": [ 38, -0.556848, -6.534703 ],
            "0.7": [ 19.17045, -0.556848, -6.534703 ],
            "1": [ 19.17045, -0.556848, -6.534703 ],
            "1.166667": [ -5.270556, -0.556848, -6.534703 ],
            "1.433333": [ -5.270556, -0.556848, -6.534703 ],
            "1.6": [ -5.270556, -0.556848, -6.534703 ],
            "1.7": [ -5.270556, -0.556848, -6.534703 ],
            "2.033333": [ 38, -0.557, 6.535 ],
            "2.266667": [ 38, -0.557, 6.535 ],
            "2.433333": [ 19.17, -0.557, 6.535 ],
            "2.733333": [ 19.17, -0.557, 6.535 ],
            "2.9": [ -5.271, -0.557, 6.535 ],
            "3.133333": [ -5, -0.557, 6.135875 ],
            "3.3": [ -5.271, -0.557, 6.535 ],
            "3.433333": [ -5.271, -0.557, 6.535 ]
          }
        },
        "rightLeg": {
          "position": {
            "0": [ 0, 0, 0 ],
            "0.3": [ -0.1135581, -1.671403, 0.9368806 ],
            "0.5333334": [ -0.1135581, -1.671403, 0.9368806 ],
            "0.7": [ -0.1135581, -1.671403, 0.9368806 ],
            "1": [ -0.04542564, -1.052305, 1.195698 ],
            "1.166667": [ -0.166133, -0.7901922, 0.9368806 ],
            "1.333333": [ -0.166133, -0.7901922, 0.9368806 ],
            "1.6": [ -0.166133, -0.7901922, 0.9368806 ],
            "1.7": [ -0.166133, -0.7901922, 0.9368806 ],
            "2.033333": [ 0, 0, 0 ],
            "3.433333": [ 0, 0, 0 ]
          },
          "rotation": {
            "0": [ 0, 0, 0 ],
            "0.3": [ -37.77917, 11.50843, 1.42673 ],
            "0.5333334": [ -30.84387, 11.50843, 1.42673 ],
            "0.7": [ -37.77917, 11.50843, 1.42673 ],
            "1": [ -23.05459, 11.50843, 1.42673 ],
            "1.166667": [ -25.75863, 11.50843, 1.42673 ],
            "1.333333": [ -18.5, 11.50843, 1.42673 ],
            "1.6": [ -18.5, 11.50843, 1.42673 ],
            "1.7": [ -18.5, 11.50843, 1.42673 ],
            "2.033333": [ 0.602, 14.945, 0 ],
            "3.433333": [ 0.602, 14.945, 0 ]
          }
        },
        "leftLeg": {
          "position": {
            "0": [ 0, 0, 0 ],
            "0.3": [ 0, 0, 0 ],
            "1.7": [ 0, 0, 0 ],
            "2.033333": [ -0.112, -1.664, 0.944 ],
            "2.266667": [ -0.112, -1.664, 0.944 ],
            "2.433333": [ -0.112, -1.664, 0.944 ],
            "2.733333": [ -0.05010672, -1.056, 1.2 ],
            "2.9": [ -0.16, -0.784, 0.944 ],
            "3.066667": [ -0.16, -0.784, 0.944 ],
            "3.433333": [ -0.16, -0.784, 0.944 ]
          },
          "rotation": {
            "0": [ 0, 0, 0 ],
            "0.3": [ 0.6015349, -14.94511, -3.010879 ],
            "1.7": [ 0.6015349, -14.94511, -3.010879 ],
            "2.033333": [ -37.779, -11.508, 1.427 ],
            "2.266667": [ -30.844, -11.508, 1.427 ],
            "2.433333": [ -37.779, -11.508, 1.427 ],
            "2.733333": [ -23.055, -11.508, 1.427 ],
            "2.9": [ -25.759, -11.508, 1.427 ],
            "3.066667": [ -18.5, -11.508, 1.427 ],
            "3.433333": [ -18.5, -11.508, 1.427 ]
          }
        },
        "root": {
          "position": {
            "0": [ 0, 0, 0 ],
            "0.1666667": [ 0, 2.177665, 0 ],
            "0.3": [ 0, 0.1662383, 0 ],
            "1.466667": [ 0, 0.1662383, 0 ],
            "1.7": [ 0, 0.1662383, 0 ],
            "1.866667": [ 0.1052652, 2.040045, -0.0391583 ],
            "2.033333": [ 0, 0.1662383, 0 ],
            "3.433333": [ 0, 0.1662383, 0 ]
          },
          "rotation": {
            "0": [ 0, 0, 0 ],
            "0.1666667": [ 0, 19.37383, 0 ],
            "0.3": [ 1.417125, 36.97855, 4.073956 ],
            "1.466667": [ 1.417125, 36.97855, 4.073956 ],
            "1.7": [ 1.417125, 36.97855, 4.073956 ],
            "1.866667": [ 1.207987, 8.312776, 3.390008 ],
            "2.033333": [ 0.3627686, -35.78573, -0.4077298 ],
            "3.433333": [ 0.3627686, -35.78573, -0.4077298 ]
          }
        }
      }
    }
  }
}